{
  "project_info": {
    "project_number": "827351105369",
    "project_id": "attendink-ea399",
    "storage_bucket": "attendink-ea399.appspot.com"
  },
  "client": [
    {
      "client_info": {
        "mobilesdk_app_id": "1:827351105369:android:c31b352ddf673169da5648",
        "android_client_info": {
          "package_name": "com.example.attendink"
        }
      },
      "oauth_client": [
        {
          "client_id": "827351105369-8r7rf8utf8r289h44j9qjrp26dhq0qbp.apps.googleusercontent.com",
          "client_type": 3
        }
      ],
      "api_key": [
        {
          "current_key": "AIzaSyBZCuNw3QyVBvWjeeNBsuSewpTPJllBZ24"
        }
      ],
      "services": {
        "appinvite_service": {
          "other_platform_oauth_client": [
            {
              "client_id": "827351105369-8r7rf8utf8r289h44j9qjrp26dhq0qbp.apps.googleusercontent.com",
              "client_type": 3
            }
          ]
        }
      }
    }
  ],
  "configuration_version": "1"
}